personal_number,name,surname,sex,date_of_birth,nationality,passport_number,issuing_country,expiration_date,name_ch
D123139428,YIFU,YAN,M,2001-08-24,TAIWAN,352524923,TAIWAN,2029-07-02,
1234567890,John,Doe,M,1990-01-01,USA,51234567,USA,2030-08-24,
98523641,amtest,I,F,8787-03-04,Japan,87878787,Japan,2027-01-09,
A12345678,Alice,Chen,F,1985-05-13,TAIWAN,AC789123,TAIWAN,2031-08-15,
US789654123,Michael,Smith,M,1992-11-22,USA,MS456789,USA,2029-03-10,
HT654321,Hiroshi,Tanaka,M,1980-07-09,JAPAN,HT654321,JAPAN,2028-12-28,
EL123890,Emma,Liu,F,1997-03-18,CHINA,EL123890,CHINA,2032-07-05,
UK543210987,Liam,Johnson,M,1988-10-03,UK,LJ321987,UK,2030-02-17,
SK654789321,Sophia,Kang,F,2000-01-25,SOUTHKOREA,SK789654,SOUTHKOREA,2029-06-30,
A98745612,CHIEH-HSIEN,CHEN,M,1994-01-07,TAIWAN,123458679,TAIWAN,2030-03-10,
1234567890,John,Doe,M,1990-01-01,USA,51234567,USA,2030-08-24,
H2908283,MOHAMMEDMUDASEER,,M,1982-04-04,INDIA,H2908283,INDIA,2019-02-09,
1233,,,F,2024-12-03,,,,2024-12-04,
